company_name,area
南京迪塔维数据技术有限公司,[江苏]
南京迪塔维数据技术有限公司,[江苏]
南京迪塔维数据技术有限公司,[陕西]
南京迪塔维数据技术有限公司,[陕西]
南京迪塔维数据技术有限公司,[陕西]
南京迪塔维数据技术有限公司,[江苏]
南京迪塔维数据技术有限公司,[江苏]
南京迪塔维数据技术有限公司,[安徽]
南京迪塔维数据技术有限公司,[安徽]
南京迪塔维数据技术有限公司,[安徽]
南京迪塔维数据技术有限公司,[江苏]
南京迪塔维数据技术有限公司,[广西]
南京迪塔维数据技术有限公司,[广西]
南京迪塔维数据技术有限公司,[江苏]
南京迪塔维数据技术有限公司,[安徽]
南京迪塔维数据技术有限公司,[安徽]
南京迪塔维数据技术有限公司,[安徽]
南京迪塔维数据技术有限公司,[上海]
南京迪塔维数据技术有限公司,[江苏]
南京迪塔维数据技术有限公司,[江苏]
南京迪塔维数据技术有限公司,[江苏]
南京迪塔维数据技术有限公司,[安徽]
南京迪塔维数据技术有限公司,[安徽]
南京迪塔维数据技术有限公司,[浙江]
南京迪塔维数据技术有限公司,[江苏]
南京迪塔维数据技术有限公司,[江苏]
南京迪塔维数据技术有限公司,[江苏]
